{
  "schemaVersion": 1,
  "id": "timechanger",
  "version": "1.0.0",
  "name": "Time Changer",
  "description": "Client-side mod to override the time of day",
  "authors": ["YourName"],
  "contact": {
    "sources": "https://github.com/yourname/timechanger-mod"
  },
  "license": "MIT",
  "environment": "*",
  "entrypoints": {
    "client": ["com.example.timechanger.TimeChangerClient"]
  },
  "depends": {
    "fabricloader": ">=0.15.10",
    "fabric": "*",
    "minecraft": "1.21.4",
    "modmenu": "*",
    "cloth-config": "*"
  }
}